"0","danielmurphy@yahoo.com","pbkdf2:sha256:600000$dPfKWn0PhyZLTVgz$f52d9ccc39efea1cfa50c55512f5bc2e1f05680033479b738ab99b0c71f51687","Chad","Walker","6632","True","9644 Jennifer Inlet
Pagestad, KY 49118"
"1","bryce13@yahoo.com","pbkdf2:sha256:600000$iGIpGyhyHE9JIYFO$e1a32b955363353a845c56f2abc393e22e77b0cf9e442391abd9d0f4497f5300","Anthony","Thomas","3682","True","PSC 8837, Box 0867
APO AE 59792"
"2","millerjim@yahoo.com","pbkdf2:sha256:600000$3X5Pe3ToUXHVTcBA$cc8ca0b658e63fa2ee8f564d38a84f9deda084c621da68f8b28575163bcd74fb","Tiffany","Lee","1447","True","65582 Holden Cape Apt. 798
East Marcchester, DC 91844"
"3","mlewis@hotmail.com","pbkdf2:sha256:600000$DmxPUNk9hMbi4Cqf$b5ff75b5a581706ad9aa379eb93d23bbfaa8f388d118fcf1db6c7f50554af6c0","Theresa","DDS","8709","True","8516 Burns Extensions Apt. 690
West Monicastad, IL 99670"
"4","ureyes@yahoo.com","pbkdf2:sha256:600000$blJmxyC5STBAvNvt$96612a376b1e53099a6c1914e5d09ce638253db912aa69f58fba8dd1b1d1e659","Daniel","Cobb","557","True","475 Kelsey Meadow
Lucasview, IL 93041"
"5","zkim@yahoo.com","pbkdf2:sha256:600000$82PWjEdGsZYSs4YC$c086b5287e546101922b6527c9a8799bb4f930df500923e2385effbec2f25df0","William","Rogers","1259","True","4710 Morton Camp Suite 518
Lake Bonnie, DC 19238"
"6","iwallace@gmail.com","pbkdf2:sha256:600000$Gi9jvUqhkUoavMZm$4f51b27c0929148c54b67ee38f955e00ef300ad1bf22dfee4aa80b2a96fe725a","Ruth","Washington","8181","True","8812 David Square Suite 064
East Nicole, MA 22021"
"7","wilsonjustin@yahoo.com","pbkdf2:sha256:600000$6eLEQWj77vbpLQvJ$f8c92a58d2ba03bded32e17c7741a6e7e66a2b20d6e86921071e23671541c163","Jesse","Mcfarland","2280","True","53824 Evans View
North Cole, IL 91142"
"8","gregorycollins@hotmail.com","pbkdf2:sha256:600000$ViEZ7abdC5yfL867$03c9c41c241c84cd9f13716edefa95da19bdc22caca0c8838f31512a6a2a04b1","Robert","Curtis","6945","True","14708 Lewis Junction
Port Rebecca, MO 88695"
"9","jensenamanda@yahoo.com","pbkdf2:sha256:600000$67uRMZcKFF7laACd$99eb404261b03d2083e37570ee4fdeb452cef6cc2914a8dafd43b718088f6deb","Mario","Webster","5630","True","05600 Palmer Spur Apt. 656
Robertside, MP 99936"
"10","thomasjacqueline@yahoo.com","pbkdf2:sha256:600000$FnzTiNBl0siVCbse$585dc26c4b7d28fd2afbc0e17dc18cf422d33c6d3b4adec5f2a3f34a85fc0992","Benjamin","Roberts","7046","True","47459 Amy Landing
Edwardland, LA 88432"
"11","cynthiamason@yahoo.com","pbkdf2:sha256:600000$CSFF4F7dA5MCVHhp$315251613020f881036c7905ddd94d2ae20f4cd515f970e0c27c634c4672e6a6","Gina","Rivera","7115","True","0600 Alyssa Glens
Meganland, MH 97386"
"12","leenicholas@yahoo.com","pbkdf2:sha256:600000$ipY0HCrpP6ybwVN1$c0309b923bc35c7eccf52d577bdc8319b34a17094c717ef5ab4ee1b67809a642","Anthony","Morgan","7200","True","628 Jenna Burgs Apt. 217
Simmonsfort, MI 62227"
"13","brittany43@hotmail.com","pbkdf2:sha256:600000$ulKvHCSTQg0Fc1Xf$6468d052db3230a15905cd4a3cdea80cbe2c293362322647a07e1379107a73f0","Mallory","Stevens","5217","True","51695 Suzanne Burgs Apt. 282
East Jasonton, SC 74892"
"14","timothynoble@yahoo.com","pbkdf2:sha256:600000$UMbcvNnPEz0oxuFl$eb1d0c7a4336a3e3e0375e89bf216cff1014c8bdcdd9affad95c8c04988cee30","Norman","Gonzales","6222","True","8529 Amy Falls Apt. 176
Garcialand, ME 45686"
"15","donovanjames@yahoo.com","pbkdf2:sha256:600000$BKdKfvuqx56m6b2X$bce8fd22cabe2a3681ddbb0dfb477af0e113c8a4a54a71dbe2704b04cf500426","Linda","Prince","1360","True","707 Howell Plaza
New Jesus, DC 18259"
"16","robert09@yahoo.com","pbkdf2:sha256:600000$c2kv1tfUAMV0EnCr$add77270d5de8ca041f4c09c46a2c43f45ff200c9bb70d7f1a1b2a70b3a0bd67","Stephanie","Stein","8495","True","4383 Cynthia Neck Suite 152
Port Sandra, CA 58087"
"17","donald35@gmail.com","pbkdf2:sha256:600000$mH1Ha5QwdiVXABId$c9c626de55f57fcdd464d2f24639008928a4602a5ce1a85e73e52aa4cb06ed8c","Christopher","Sanders","5971","True","79526 Pitts Station
Morganfurt, CA 26695"
"18","mitchellteresa@gmail.com","pbkdf2:sha256:600000$b2svzHyZFXEOn0yW$1aefcd59daf833c04a7a133d2d0a5833327f1e80d8ca15c37028364c40ca9bf2","Antonio","Hale","1677","True","090 Buckley Forks Suite 705
Stevenston, OK 50590"
"19","nharper@hotmail.com","pbkdf2:sha256:600000$jsswlszVZTJyieuQ$f6d53ad3d21fb0aaa3923f595f8ef3cbd7a4f5e72697c9d8583b5a36d395e7e0","Summer","Aguilar","2257","True","1649 Martinez Road
Georgeville, VI 18213"
"20","angela79@yahoo.com","pbkdf2:sha256:600000$6AmgH1IN9r9AEx6s$9eb1396ee3f80247a48fd657b8116a40e6d13d379ac10a566b132c2d6a248c8b","Jasmine","Bartlett","3861","True","77838 Edward Islands
Cochranport, ND 27474"
"21","courtneycarroll@hotmail.com","pbkdf2:sha256:600000$reDXOOFm5UFuvgzy$9f46d0a7485895a625174f6082e44c1980d41343e5223c4d152c1fba5b87fa84","Thomas","Hall","8859","True","2031 Bianca Fort Suite 519
Port Tommybury, AZ 63820"
"22","jesse82@yahoo.com","pbkdf2:sha256:600000$sTIxm8mZvt0dc0Ws$f397b1b45dcded05c4b5e14042ae8480d475d91a0966ebb27b3099f88e2c5f55","Carrie","Roberts","7954","True","05639 Madden Keys
East Todd, NV 67564"
"23","michael71@hotmail.com","pbkdf2:sha256:600000$6l5AhJwv7ZrYVnFL$ee2446502ef8eda839c2d6f793a0c931d835ff6455949fbd93c01f60f793e8d9","David","Walter","4124","True","3864 Heather Bridge Suite 405
Daymouth, FL 34420"
"24","nicholas77@yahoo.com","pbkdf2:sha256:600000$gLzETUJJAIYQ250N$919a466078c37c2016effbdb8d6f241a3eaebe0ae8bc013c7d75b4faa14bad5e","Melissa","Coleman","4086","True","902 Cooper Fork
Cindytown, KS 02648"
"25","jrobles@yahoo.com","pbkdf2:sha256:600000$kGlExrHCNJJlQZpJ$30da93ce5fc9d0b3927288984efa97cd281c7bdb86848050ac92d20b37800574","Timothy","Martinez","2923","True","08211 Andrea Loop
Howardland, SC 91342"
"26","christopherbooker@hotmail.com","pbkdf2:sha256:600000$qs0sZ8PAOttFO0pu$aade41cd9961b67c2d2d5f3f101291207e135e3bdc195e3e471f8d1e50bef60d","Daniel","Sellers","9688","True","1947 Green Circle
Torreschester, PW 82132"
"27","ggriffin@hotmail.com","pbkdf2:sha256:600000$3gjYpQbZPrwcB3qf$304c22cd2bf21d98631b754b8f9ece7f556af3d1f17ea0ed410ad411920e0711","Susan","Clark","2342","True","Unit 8072 Box 6282
DPO AA 27915"
"28","tjohnson@yahoo.com","pbkdf2:sha256:600000$CuxpH9y27cexhFiv$76a97897bf39f15ffbcf61e51dd2dfb165bf7d7a404953dc7fc8a5da381d56cd","Chelsea","Baldwin","6572","True","82788 Jennifer Ports
Smithburgh, LA 66569"
"29","stevenmason@hotmail.com","pbkdf2:sha256:600000$kCSklDIiZB7VB0ig$7d9c0296da299a3acc57edd859d0f8afeaca02f643e4d09dc1b5de71b802ef09","Julie","Wheeler","2911","True","52278 Antonio Fall Suite 568
Danahaven, FL 91809"
"30","sydney37@hotmail.com","pbkdf2:sha256:600000$SSPLLdeZSetncstC$cfd13ed823aa3b543c4846468a69fbe617b50ace3bc227e2ae495b3348f37884","Beth","Walker","4346","True","42876 Stephen Oval Apt. 310
Alanhaven, UT 90206"
"31","lisa25@hotmail.com","pbkdf2:sha256:600000$OgKcrZatsrWX7OeY$2f88cb77ff9cdd38608609da81b8a2759aae61d7e75873a6a1825d386991529b","Elizabeth","Myers","4976","True","933 Nicole Causeway
North Monicaton, DE 05286"
"32","angelahernandez@yahoo.com","pbkdf2:sha256:600000$x2a4JdFkVnoOXekt$d9e474cbdd4bf803c9dbd3dc533ac9b2c7389162cbe951fcd317167eb48ef900","Taylor","Snyder","677","True","94607 Tyler Mission Suite 657
West Amychester, MI 87803"
"33","jeffrey05@hotmail.com","pbkdf2:sha256:600000$jfhF5VKN6sCtmW1R$63e6dea4d17903bb3bde252e82ffac072eb455051e2fb04e3cfcc98d36fd9810","Scott","Pham","1698","True","USS Diaz
FPO AP 61767"
"34","james10@hotmail.com","pbkdf2:sha256:600000$wp30z5H0twO2F43B$de198eeee8e8c4196e12b6d44bf9616dcb664a415d0d709811e2230ff8d3363c","Casey","Jimenez","3466","True","Unit 8091 Box 3120
DPO AA 50240"
"35","joshuahobbs@yahoo.com","pbkdf2:sha256:600000$oqoxEL2UKXH24t3t$b3d6efb94c7614cf2ae1b5bd19764d1eebdd2b15ae66dd215a687786d98b0ba2","Justin","Thompson","2974","True","74228 Moore Prairie Suite 674
Suttonview, NM 18247"
"36","janetmejia@hotmail.com","pbkdf2:sha256:600000$VYFM5W65UsvL5yRj$2043b48fa98f32a3a97ee98866e09f8e178bbd1eed82ff35f45eda56d3552309","Patrick","Livingston","9683","True","9995 Terry Knoll Suite 171
Ambershire, IN 45831"
"37","vhenderson@hotmail.com","pbkdf2:sha256:600000$rGtsUMFZyqwRLUdC$a08ae753284703f977d7caf0ce467a8001e517b06f0c97c73c2945752c45ccab","Amanda","Brown","9815","True","7916 Dylan Isle Suite 632
East Angelastad, NV 48776"
"38","eblackwell@gmail.com","pbkdf2:sha256:600000$g3cme1MLwb93YIFY$83a5793f9c40e4e0a4acee0892876564b73f04fbb713968cf77929db59431e3c","Ruth","Owen","7111","True","04987 Hudson Mews
New Melanie, MA 61707"
"39","ejohnson@gmail.com","pbkdf2:sha256:600000$M71e2suBuOEF87uL$c5664b3cd7e58223b3ebae239d35cdea9f4761ab441c26a97c9d2eb63b297ede","Scott","Gray","7971","True","415 Davis Avenue
Alexandertown, VI 63379"
"40","yolandawalton@gmail.com","pbkdf2:sha256:600000$L2qKCtuT5A3IE7it$a1e75b4fc713a3888a45ac466f326f78ce5e3874976a32562bd01e3de648429f","Michael","Johnson","1243","True","370 Alexander Way
Mckayfort, TX 07046"
"41","cholden@gmail.com","pbkdf2:sha256:600000$Pc3Oo0Ieb5QIDdyX$b35295b8710749f141ffeea76703923c3d2ad3811853eb8afd5c5cfadeba57f5","Philip","Wall","4128","True","32864 Mccarthy Isle
Johnfort, AR 97980"
"42","hansonchristina@gmail.com","pbkdf2:sha256:600000$SzJw3sBXaXH0Ekl4$2efec66d707ea69c18114e31909225f5ff34a3f1f6e526954a504c4aa1815d96","Andrew","Duke","8641","True","Unit 7898 Box 6089
DPO AE 34230"
"43","yharris@hotmail.com","pbkdf2:sha256:600000$aQrm13QmjqSxbrEi$b635886ebc676383489c9400206a2c47816799a36c047532a35e4bb0453f2eb2","Lori","Reed","2742","True","0940 Young Mountain
North Chad, DC 93663"
"44","valvarez@hotmail.com","pbkdf2:sha256:600000$JejVvbakyqXeFFKH$0f548183ee5621b5ee5fe332a2d30b318f88e9b125d865eeb683bd787025685a","Jennifer","Herrera","9786","True","86730 Taylor Centers Apt. 403
New Williefort, NV 72991"
"45","kadams@hotmail.com","pbkdf2:sha256:600000$DTxoQPuE9VzAGwA7$54bb5f2c9132b186b8fcc831890dbd63e1858ee9a39a398f2efa45719c8c0781","Sandra","Perez","8097","True","1571 Stewart Crossing
New Nicolasview, CT 80867"
"46","miguel29@hotmail.com","pbkdf2:sha256:600000$qQGQFjlbodpNVmKI$19b386be5043dbdc36d0c38c3135189dd5e3ae708d2aa09bde781414cc1c9b01","Michelle","Allen","815","True","420 Johnson Forges Apt. 778
East Thomasmouth, OR 23888"
"47","floreseric@yahoo.com","pbkdf2:sha256:600000$pghALPzyQaJJPsM0$35e5f1c09dc245cb8ff781657f973f3a64aa5d25759a5228545be795c295e7ff","Maureen","King","6313","True","55911 Courtney Parkway
Brendaton, MD 60520"
"48","julie79@yahoo.com","pbkdf2:sha256:600000$5Xfi9zMhyyRyFWCq$e1ccc0306de61acd07467df3b45a78cdefaf33f455db1360952781ce83a629fd","Deborah","Yates","3517","True","75080 Hatfield Forest
Hectormouth, GU 34781"
"49","walkerstephanie@yahoo.com","pbkdf2:sha256:600000$aK0Fj9XAYUwCD2bT$cd5361c8435aab01acef81c91bbfae44954b8f48ad275c8bb5578d0a8676079b","Stephanie","Miles","7925","True","185 Amy Fall Apt. 326
Lake Jeffreyburgh, CA 69775"
"50","kristine01@hotmail.com","pbkdf2:sha256:600000$XW4uch6FdBINqXzj$a9d0ac5a2fb99e7a681499ee11d62ac4ffa1d217f2f4d4da24faceb9e5ffae87","Samantha","Stewart","9679","True","USNV Taylor
FPO AE 92568"
"51","daychristine@yahoo.com","pbkdf2:sha256:600000$URPdKuFpvTh6azAF$83745ced1ca5c185473025a23094d735b3f05aa8b6dd94f4d03fd34daf6afbcd","Valerie","Graves","3778","True","127 Schmidt Shores
Tammyville, MN 00649"
"52","madeline83@yahoo.com","pbkdf2:sha256:600000$T4LCZ4tcs2b8e5Dn$da720ab5517cba06762066d120e9873350ea98b50935692c7e60c57e12a25770","Theresa","Calderon","3","True","7603 Leah Brooks
Wrightfort, MA 45329"
"53","garzanathan@hotmail.com","pbkdf2:sha256:600000$bi6NJRrwGVAADL2T$454a81de4b9d16fd2d69a22a62de032cfee29c6149b8fdb529387736b99bc08c","Connor","Torres","5488","True","8218 Friedman Ramp
Meganville, MA 62746"
"54","aaronreed@hotmail.com","pbkdf2:sha256:600000$z8S7ruJh3WdfPdVB$19f1e03272a30fb4c71c8d6848ca027fcf3e0d9f2b824ea7ecbbf9f67970ec5f","David","Miller","522","True","162 Christina Shore Apt. 786
Port Christine, GU 48831"
"55","wmcdonald@yahoo.com","pbkdf2:sha256:600000$IriS2e56vzeyxkFU$45435358929a7c8f0e1fa7902744575f90a58565a26b530d4b593f49e56f5596","Michael","Watts","8124","True","Unit 3765 Box 5885
DPO AE 19015"
"56","lscott@gmail.com","pbkdf2:sha256:600000$NH63kJEYDL9SXZMc$24a4287f5613e8ef408c92d7bc42193971b2c3c6b336f656ad82e2efceefee76","Belinda","Koch","9089","True","030 Jane Plains Suite 330
Lake Stevenstad, IN 73712"
"57","marcusthomas@gmail.com","pbkdf2:sha256:600000$3HHrxTerKhxSpBLs$25c9573f2594d4ea7f642500cf570e609186c06f426883a0ff6db71a1a7087c0","Natalie","Murphy","9232","True","49079 Alexander Key Suite 370
Waltersshire, WV 53726"
"58","shaun63@hotmail.com","pbkdf2:sha256:600000$q7OR23LM6O395Ve8$2ac767f664f3f5b121c82d9a8e6f0c7018be07e55fdfedb85801b7edf9f0b00b","Mark","Walsh","4614","True","6562 Raymond Pine Apt. 648
Port Kristyfort, WA 89986"
"59","suttonmaria@gmail.com","pbkdf2:sha256:600000$hBqJZvprsWIfKFwf$bcbf136c5ea4c3f9e82718b238b74619fbba1401f2aebc168ca55dcf990d8682","Julia","Palmer","3432","True","18190 Molly Brooks Suite 329
Ballardmouth, OH 39469"
"60","woodsjonathan@gmail.com","pbkdf2:sha256:600000$Ge2QKY4KgbnNH3bj$818a76f73fed78eabf94b61108f7dcdd3a7c461a6b7267114d32560159328b8f","Paul","Johnson","153","True","4143 Hoffman Village
Stevetown, KS 67592"
"61","howardwillie@yahoo.com","pbkdf2:sha256:600000$Nu9FTkwh37Iogxti$6d698fe26c2d1443b3c7dcb85ab0327e40f8b9d8f0aea3b0143fa7898ae69153","Gregory","Smith","7362","True","88995 Ramirez Stream
South Nicholas, AR 14303"
"62","christopher40@yahoo.com","pbkdf2:sha256:600000$fOl18GXYgFRBYA6L$e5f3af0a1797e0332e7084581bcf97a3338c8931615f81d41b0bfaffe7f2ef03","Michael","Martinez","5679","True","43027 Melissa Islands
Port Cameron, NH 38187"
"63","rcardenas@hotmail.com","pbkdf2:sha256:600000$pCagF3rvfUvvWnJH$dab7243d0ed822ea048b0a548a7a09086b5fbb966d839fb15c0b8c2166e4a803","Jeremiah","Anthony","2350","True","3051 Julie Union
Franciscotown, ID 03613"
"64","lambangela@yahoo.com","pbkdf2:sha256:600000$jMzFjmxQs34pegxG$3ebff02674a0634dc45854ec57bb433a6858264d55b4dfc7b9cfdf9325f0eb50","Steven","Santos","236","True","USNV Smith
FPO AE 96679"
"65","baileycynthia@hotmail.com","pbkdf2:sha256:600000$XybU4WWNGCDSd6yT$a3d58c7839ee8c8802c08956ee2547529b0cf07c21c00b3fbe85cd77c2711c9d","Brian","Glass","1157","True","4231 Erickson Ford
Mendozashire, AR 71601"
"66","garzajohn@yahoo.com","pbkdf2:sha256:600000$cb9AJmTNoieMnCIS$ffe3210de82e1485a54b22fd07694ebf62551bc9add3842452969d296201edd7","Jason","Young","520","True","277 Philip Springs Apt. 325
Rochaside, KS 36675"
"67","jacksoncarlos@hotmail.com","pbkdf2:sha256:600000$aQ2lAkzMUVf7JIWo$d9b439cb65b1d9458c8a49fc8656f529e2d29eacffb9b15a8ced251d04ce561c","Linda","White","9280","True","10424 Phillip Vista Apt. 952
Browningshire, AR 11714"
"68","sdunn@hotmail.com","pbkdf2:sha256:600000$M4J4EakgxFUQLfDR$e4d78a47803daf39318bfbead084c2d1f1ac0d9f959ca1c143c8704d72c61448","Seth","Robinson","7417","True","520 Krause Crest Apt. 705
Karenfurt, WI 76462"
"69","victorcummings@hotmail.com","pbkdf2:sha256:600000$lq97deL1DjpX3elK$68245a911814f93bc7f875e2009daf2661b8efbf8f07db6b3a4ca7b99f748440","Daniel","Martinez","5268","True","8908 Crystal Path
East Tami, NH 77728"
"70","jaygross@yahoo.com","pbkdf2:sha256:600000$DFCvKLjL8GS3pUlc$bb7e42c608cdd129cf02ede0826c4c4ca07d1fcda52118c7f5f238a09d181e18","Michael","Heath","4166","True","940 Jacob Ramp Suite 654
Bethanyborough, OK 41053"
"71","melissa57@yahoo.com","pbkdf2:sha256:600000$EJjoZiH2LtcPzyfI$8ae391ecdf2881fa0f327775c5eaa224440653c52d41ea2e2e05376067a9580f","Theresa","Weaver","9958","True","USCGC Davis
FPO AE 72652"
"72","lorrainecameron@yahoo.com","pbkdf2:sha256:600000$UwDdMbcz0hX1NhHH$98865a3b0d45508d88a6fd12ee5cb03cd97cf46a096bb4a30e7f44d4b8fbf108","Mrs.","Sims","1642","True","3695 Fisher Flats
West Stephanieshire, TN 98611"
"73","shernandez@gmail.com","pbkdf2:sha256:600000$tX7gAJoFfGDgwzvL$37149b5c86caa2fd03c4c59c92ef44732dac3e98e4f740833bb6fd6bda23e352","Ann","MD","9485","True","875 Gonzalez Mall
North Brian, IL 91934"
"74","denise12@yahoo.com","pbkdf2:sha256:600000$jUZNaLpkN5afCKC0$e42813174c2e0ad436fdc307f320ec40e29f31e967fe46b4b699d90477530b36","Robert","Phillips","4920","True","Unit 5505 Box 3614
DPO AA 82648"
"75","margaretgeorge@yahoo.com","pbkdf2:sha256:600000$pfahwxc7yUJZRc4g$53318743c16755fb913f55822637ed11e31eb45fdbcac0aee4d463c0793e728d","Danielle","Glass","8780","True","0675 Macdonald Mount Suite 184
Andersonmouth, FL 74566"
"76","janetjuarez@gmail.com","pbkdf2:sha256:600000$FaQ27G6Kn9iSCDH2$d6f579f0a5ac078d54a456fdd479d8a5fe5b3006108be5479af62b9628962725","Aaron","Fleming","2125","True","736 Tammy Views Apt. 901
Port Veronicaborough, SD 87269"
"77","jamie39@yahoo.com","pbkdf2:sha256:600000$IbX7So292CFmGhvN$66c6b3e0d98fe41fb0f3f40d1b760bfcce9d7b276d0767b6a822df1c365c8451","William","Boyle","5202","True","PSC 0485, Box 4865
APO AA 14100"
"78","julia76@gmail.com","pbkdf2:sha256:600000$DKZpmXZBqRxSYLzM$60c0984dcc7c9a5d95f6fbdbdd3d9c10f3f7e5772c35e37aa9c78cb7a50a397a","Molly","Guerra","3256","True","20324 Shelly Spur Apt. 769
Paulstad, NJ 44229"
"79","stevenking@hotmail.com","pbkdf2:sha256:600000$ua1kXdPrcnguYSaK$832be72c6ad6e792b7c647e10249a3a8c653cd44bb6b264a5e308ad8eb963db3","Jacqueline","Wallace","9636","True","099 Paul Manors
South Greggland, UT 62097"
"80","malexander@yahoo.com","pbkdf2:sha256:600000$iMZ8kVAplFVzjxqt$69804572e86fe83fcdfaaeaf3f8900cc99008a66adc4f8c283287b57004726a0","Michael","Wilson","7584","True","98660 Martin Camp
North Hannahshire, NC 59098"
"81","thomas28@hotmail.com","pbkdf2:sha256:600000$asUbS8PkqL3XchVv$ebdd4997409c77dfd0bb8c9ab36cb7dabca5554089fd9bbc678b7c1456b0818d","Dana","Hudson","7513","True","Unit 6766 Box 2105
DPO AE 95055"
"82","diana82@hotmail.com","pbkdf2:sha256:600000$b9LZcDzcdaSOkRl0$295904f955ef638b0544b71fa192a2f0142ba55b3c2aa0d53c30a1b2f5d4d2a7","Kimberly","DDS","9814","True","05853 Villanueva Manors Apt. 571
Lake Gina, UT 91236"
"83","cummingsrebecca@yahoo.com","pbkdf2:sha256:600000$EvAsdtOCT0FX5y2J$069ed2af7ee4804a638709e320a38283dca4852e42e7788460680183cbb2a373","Lisa","Wright","4179","True","231 Meadows Ramp
Curryside, CO 75719"
"84","harmstrong@gmail.com","pbkdf2:sha256:600000$7WZXDoiWQoGOjbZi$252e0bd63865bd4f5709fecbc1c70cbdc707e3692ba2845efc4958996e007c4e","Kimberly","Flores","1715","True","6537 Henderson Manor Apt. 935
Mccormickbury, DE 06894"
"85","ballen@gmail.com","pbkdf2:sha256:600000$lZKIcBqBlYFTPaGD$b131221898490f63dcf5f91e9d4d0599017c0eedeb0a28319ac0380b901fddf2","Jack","Lewis","9960","True","Unit 7070 Box 9906
DPO AA 35252"
"86","ganderson@gmail.com","pbkdf2:sha256:600000$sUgMSwek0ocA2iRb$3276b56d3ab8e25ebfe3212e9df01c556bcceb5734200408c758d45e9df4d8c5","Christopher","Lee","9173","True","17212 Pace Mount
Crossland, WA 98636"
"87","castanedasarah@gmail.com","pbkdf2:sha256:600000$lH6tOKcM8sjjdomV$9d1739a10383a85561da74da9694d717b6b76d79d64f6689210100093d1de5e9","Jeremy","Reyes","8113","True","639 Donald Pike
West Michelle, DC 27097"
"88","stephen27@yahoo.com","pbkdf2:sha256:600000$2IlOVE4rI6EsQXeM$9fc03993dcbd7d1a88f383af9aa9727a46e7f01a78e326edea559651edb68e3f","Kelsey","Ferguson","9412","True","9894 Young Street
South Terry, TX 71276"
"89","trandavid@hotmail.com","pbkdf2:sha256:600000$Kd38MAlTs5jLsZ3o$bfbbb92704ae4cef7ba0d98bed3170f89043da3c4d496b6ad12745dfe4bf3875","Lisa","Le","2536","True","1055 Taylor Station Apt. 373
East Ricky, GA 59811"
"90","nelsonmarissa@hotmail.com","pbkdf2:sha256:600000$24CsaLluMuSW0zyz$721d5be2d3fc69c25343ff7c22ad7ff9a30059879fdf89748ad341c1ea17fe47","Angela","Foster","8556","True","PSC 5732, Box 5816
APO AP 92630"
"91","sandra39@yahoo.com","pbkdf2:sha256:600000$UFQPE9mGP2dPTtgH$21d83f34c47188bb794ad4536a1cac9f01af92ef1fbc30345f90b6ef57bd560f","Donald","Diaz","1982","True","5442 Tammie Mews Apt. 607
Karenport, CA 28446"
"92","brewermatthew@hotmail.com","pbkdf2:sha256:600000$c15i7yFeCFcfERbe$a3e5eb1cee49100d5df0fe297962ed73d39e3c766addc95ce30cfea7cf660d11","Emily","Davis","248","True","00266 Corey Estate
Phillipsborough, PA 06026"
"93","michelle21@hotmail.com","pbkdf2:sha256:600000$1VhEs02MstDRlVCy$423466a2420fb3f527e3b592729ca9ef4eb47782c5d0abb17d3ec762390b9c10","Maria","Gonzales","5579","True","83885 Lamb Landing Apt. 286
New Kellystad, VT 37670"
"94","wisesean@gmail.com","pbkdf2:sha256:600000$ZdFEJOhF52N1y05l$bc3019e6f0e9a4833d7b824fc1b1761ca95c6fb6d17e14f4ca53db67d4b03560","Denise","Mooney","9404","True","05809 Taylor Rue Apt. 880
Robertmouth, DC 63119"
"95","caitlinnichols@hotmail.com","pbkdf2:sha256:600000$mVMi67RtJC9vWWb1$5cebb50d9ba7c8ff92b9ef1003bb5f4cf408439470375efe6fa5cc958245458f","Anne","Moore","8729","True","76744 Elizabeth Glens Apt. 261
South Kristytown, VI 37047"
"96","floresadam@gmail.com","pbkdf2:sha256:600000$HhjUY1oMRmMQHuzu$1ef08425404724502bebd19c10e14d8e21b93721a1d732019e2348fd2b4dc5ea","Richard","Arroyo","8833","True","935 Melissa Vista
Taylorport, NH 03452"
"97","moorekenneth@gmail.com","pbkdf2:sha256:600000$AeZrSkaFhiPX86Cd$a2e2fd0a69273817b436d9f78dd5d4b219f96363a97fe9878f16aedf777d057d","Antonio","Gonzalez","2856","True","624 Lori Street Apt. 107
Aguilarchester, VI 71883"
"98","gwiggins@gmail.com","pbkdf2:sha256:600000$4alPsGm1opUbGrPB$bb691b4c180a2bdd5cef491d161a12ba16742c231a30e2f7f102b4d1dec8e0ea","Lisa","Collins","8758","True","016 Williams Oval Suite 146
Port Megan, PA 40075"
"99","sampsonkyle@gmail.com","pbkdf2:sha256:600000$L0av0NEbt6OWx7FN$8d08dd23ef60b1a3eca9bc3861ac2ec215fc08eee88a5f1430ae7ee3f98d51fb","Sarah","Sanchez","4112","True","187 Serrano Keys Apt. 629
Chavezborough, HI 09978"
