"0","sean34@yahoo.com","pbkdf2:sha256:600000$YsuVFV3hDja8Jada$d8142eb0cf6152ef40f13e853ebb2069ca20d104e1f640cea0ad6bc2d9d697ef","Vanessa","Simmons","9972","True","PSC 1680, Box 1317
APO AP 80545"
"1","jeffrey81@hotmail.com","pbkdf2:sha256:600000$lvTCV994FsfCFt9X$dda6a9672d2ea2adf3c319e5915bc89ed455945fee2c90f213ceca8475716597","Jonathan","Guzman","7681","True","544 Tara Ports Apt. 913
Port Ryanmouth, WA 51488"
"2","hernandezmackenzie@yahoo.com","pbkdf2:sha256:600000$nn61wi6VWCKR39A0$5117ccc56e61210b4ed642ade342d7aaf5df8d65c57a005b0659bc50e120a1d6","April","Sanchez","4798","True","929 Armstrong Track
Davidhaven, AZ 68634"
"3","btorres@yahoo.com","pbkdf2:sha256:600000$8cNpWFqVCW3NWNa6$18af757d2f0c0514d125fb2f2887f7bfb587dcc2db43914f22349f09131d18a6","Amanda","Carlson","341","True","550 Aaron Expressway
Lake Jennifer, VI 87760"
"4","plawson@gmail.com","pbkdf2:sha256:600000$VCaE1hF2Y04abQjD$1e9064bd3b8338fa076e3fe7273c0a62489440f9533252370bb9908d18339afb","Adam","Hill","4825","True","274 Jamie Rapid Apt. 713
East Joshua, TN 47643"
"5","smithrichard@gmail.com","pbkdf2:sha256:600000$gXKtmjf5xToIPihz$0623497eca26a3890ae7b289cd92163bca500825d66e6bcf7c5b41a932dddfcc","Matthew","Pollard","7329","True","484 Kevin Haven Apt. 618
Gillport, HI 89671"
"6","arthurcampbell@gmail.com","pbkdf2:sha256:600000$9V7MIldqLbiFPdgT$8a76df40dcd0ab18d53278853c1b8e7956b95184b9767a1689ce4f25374f4b49","Terry","Davis","5101","True","Unit 0517 Box 4143
DPO AP 07769"
"7","michael71@gmail.com","pbkdf2:sha256:600000$tIr1iM9eJaHIz5AH$31c018081ee7484ee965b20e39ac728455f5bf22128124f659201d7cc2d5458b","Cesar","Gordon","6863","True","924 Sara Ports
South Jacqueline, FM 01481"
"8","robert26@gmail.com","pbkdf2:sha256:600000$0nvQtxZ3PxbqoOL5$accdf140aafdc1dcf20700afc6e92fdc1fa2712c992b58eac0a0db148a53c668","Nicole","Ross","5062","True","5544 Cynthia Oval Apt. 583
West Briannamouth, NJ 55508"
"9","johnanderson@gmail.com","pbkdf2:sha256:600000$mvNNZl872JGz5OUT$27c0997d502651929abcc64f2c6e6402a474c4cd0938bf671b9311e7938fe776","Anthony","Jr.","3330","True","13283 Robertson Springs
Brianton, PA 91105"
"10","brownjennifer@yahoo.com","pbkdf2:sha256:600000$05Jc3Fr4gn1gB0lu$6640b8f15dfbf5eac8e8664a44ea0cd613a788b73ed64318336ea8912ff2c9fd","Kimberly","Armstrong","1052","True","668 Kaitlin Mountains Suite 138
Gregorychester, HI 21506"
"11","pjohnson@hotmail.com","pbkdf2:sha256:600000$Aj1RCE5QhWoLDK7v$9fa25f66db0aee48a94011fc102dbaa68589511de7d9284ba400dc45cb6cd923","Chad","Brown","3231","True","63152 Kimberly Track Suite 549
Port Perry, OK 58659"
"12","brookekirby@yahoo.com","pbkdf2:sha256:600000$8rEDPTcHM534SU7l$631ec6070e1164b2e84e531233a3d31836566b1a8d4284794ba9007f016491db","Jacqueline","Edwards","2236","True","65871 Tony Corners Apt. 233
Newtonberg, SD 18469"
"13","billyfisher@gmail.com","pbkdf2:sha256:600000$U1cgMfpceefY3Acg$2cb359b12fb053a52b1720797bfb9b5b29940f9ed0de52cd52d0cc33a5396ec9","Jason","Sullivan","5547","True","8245 Gutierrez Spring
Lake Lisa, PA 77229"
"14","cowanholly@yahoo.com","pbkdf2:sha256:600000$9vwvRALvQKc8XPiO$f70ca1148552df9fd69dc283caf9b6aba9cfc04a083cbf21884dad67cb17c057","Patricia","Fisher","6708","True","1923 Scott Pike
West Steven, FL 35137"
"15","mollyjones@gmail.com","pbkdf2:sha256:600000$dMIO61UHvuBhX2pO$20078e5d752468dd115b1013671dabc18ffad69dfe75dcfed443e9930be50bf6","Amy","Reyes","5280","True","426 Nunez Key
Port Thomas, PR 06420"
"16","radkins@gmail.com","pbkdf2:sha256:600000$pwJqPSQnjdRIqxff$9118d893885de8a833f2680ea09c778f5cf7f974a6765bb62b0294318a5809f8","Thomas","Lane","9585","True","184 Gonzalez Court Apt. 639
Elainemouth, PW 40632"
"17","brittanyrodriguez@hotmail.com","pbkdf2:sha256:600000$zBk5RarP3HRkdLM0$5e613dcfb17f5f7aa85394fed7d55630c0b3b34b13ea38251f70682472622e50","Michael","Martinez","1662","True","5570 Wilson Village Suite 751
Vasquezview, IL 93041"
"18","zkim@yahoo.com","pbkdf2:sha256:600000$SE7pVDINp1nji4yd$d8ddeb9ba3d733672fcfb1ccb0eb0b5896ce82492a815fa8d91ac8e0267f152d","William","Rogers","1259","True","4710 Morton Camp Suite 518
Lake Bonnie, DC 19238"
"19","iwallace@gmail.com","pbkdf2:sha256:600000$iXMtcynbxs2g0e8w$8bb76416412d033e533d397053992edede150f6ab4ef4e5829ab60c69f28412d","Ruth","Washington","8181","True","8812 David Square Suite 064
East Nicole, MA 22021"
"20","wilsonjustin@yahoo.com","pbkdf2:sha256:600000$ofA5zNGAqeOLVtvx$61f9be8bfc6da7fb2b15aa6fb43e45e56d84f60897c6ba7f5a43f27d41e36539","Jesse","Mcfarland","2280","True","53824 Evans View
North Cole, IL 91142"
"21","gregorycollins@hotmail.com","pbkdf2:sha256:600000$FC3FDl1a4usbQuZd$a691735140619ed3e10a906413c34ecb09655e0c059083b9f93ecee125ecc359","Robert","Curtis","6945","True","14708 Lewis Junction
Port Rebecca, MO 88695"
"22","jensenamanda@yahoo.com","pbkdf2:sha256:600000$XAU8Iko6qPNE0NX7$3f2447ded91767e4b1e8abb8dbed65ec362485e3882b36ccc855fc4c3f7bfc33","Mario","Webster","5630","True","05600 Palmer Spur Apt. 656
Robertside, MP 99936"
"23","thomasjacqueline@yahoo.com","pbkdf2:sha256:600000$NvzM8NPBzgaEAZ0x$519ad76829d505f5c58301e1740f2abceb2e485098885ec8662cffd5d352df0a","Benjamin","Roberts","7046","True","47459 Amy Landing
Edwardland, LA 88432"
"24","cynthiamason@yahoo.com","pbkdf2:sha256:600000$bW0AL3yP7R9FIWE6$054ed3dd53c2503e64f52f0b99511151fd2a95f6831befde56b0be2b70936c7b","Gina","Rivera","7115","True","0600 Alyssa Glens
Meganland, MH 97386"
"25","leenicholas@yahoo.com","pbkdf2:sha256:600000$e9cl68oxrPbEMq3O$131f064c27902b76aec28882f574057df2ad243a05978659562ec7c24fa2c632","Anthony","Morgan","7200","True","628 Jenna Burgs Apt. 217
Simmonsfort, MI 62227"
"26","brittany43@hotmail.com","pbkdf2:sha256:600000$T9oRtywDcX5mBaha$a1552ab42fcd10a68811760accbd28992966691360e5f9f1f99ca7b47b7f2c9c","Mallory","Stevens","5217","True","51695 Suzanne Burgs Apt. 282
East Jasonton, SC 74892"
"27","timothynoble@yahoo.com","pbkdf2:sha256:600000$iNfAwT6QUEotn5Lo$7e7eeb0216fd17b764a4bf6d66ad0f426f7c7dcad63cbcebd0ec764b8c2c4aeb","Norman","Gonzales","6222","True","8529 Amy Falls Apt. 176
Garcialand, ME 45686"
"28","donovanjames@yahoo.com","pbkdf2:sha256:600000$GNVH5LTknkNG8grM$32bb2947962f657dce9f50c2b19b0faccf823f627581450a5dd685f8cece270a","Linda","Prince","1360","True","707 Howell Plaza
New Jesus, DC 18259"
"29","robert09@yahoo.com","pbkdf2:sha256:600000$neNQ4LGdigmDeE6f$6f066ec451c91f81fd4b130898653c45974ff459750c20b5fb3b3efac6450783","Stephanie","Stein","8495","True","4383 Cynthia Neck Suite 152
Port Sandra, CA 58087"
"30","donald35@gmail.com","pbkdf2:sha256:600000$qEB2M1TymunDt44k$0acd7d7d3d4fc10ce07b3d6065a5d6f1594aa54e1367f57efa437fe3ca241368","Christopher","Sanders","5971","True","79526 Pitts Station
Morganfurt, CA 26695"
"31","mitchellteresa@gmail.com","pbkdf2:sha256:600000$TS9kNuQZRlMmaoSl$1c5c47a5ca559569558bd3c94427f5bc5037be1e979ffe4bd43084f7b26e7e5a","Antonio","Hale","1677","True","090 Buckley Forks Suite 705
Stevenston, OK 50590"
"32","nharper@hotmail.com","pbkdf2:sha256:600000$asO38huZBB2aiI9G$a12e9f44b9b929d699f77c6446e930d940cd1669d0992e75d06173a74122b530","Summer","Aguilar","2257","True","1649 Martinez Road
Georgeville, VI 18213"
"33","angela79@yahoo.com","pbkdf2:sha256:600000$ocnIbwlhT7fmggNY$67c76afe56ab8fc35890c6a4a583404b0907c95b54e633c491532825af0c3ee2","Jasmine","Bartlett","3861","True","77838 Edward Islands
Cochranport, ND 27474"
"34","courtneycarroll@hotmail.com","pbkdf2:sha256:600000$nx8S0KEyI8iWtoXO$b11cacd3d57ac4473a26ff04f6e2a31fc598582bef7c03e1613e42a970eb8b7f","Thomas","Hall","8859","True","2031 Bianca Fort Suite 519
Port Tommybury, AZ 63820"
"35","jesse82@yahoo.com","pbkdf2:sha256:600000$T2t3woxcKEbwLdPT$7f4f3f15002e195a8e1fa7bef1b9f449d29560824ba44f648f7da163e827be20","Carrie","Roberts","7954","True","05639 Madden Keys
East Todd, NV 67564"
"36","michael71@hotmail.com","pbkdf2:sha256:600000$n7wggMokHxNx4qpU$fb1ab69c57894eeff314db55ff6a2e44211f5b44f496d4ac7d58a787fcd3683e","David","Walter","4124","True","3864 Heather Bridge Suite 405
Daymouth, FL 34420"
"37","nicholas77@yahoo.com","pbkdf2:sha256:600000$DZGLnDOPmYsQJ08h$405e4bc0ffdc05c8a56ab5c48538f4f83229e761bc6f39fba64df60bb4fc35d9","Melissa","Coleman","4086","True","902 Cooper Fork
Cindytown, KS 02648"
"38","jrobles@yahoo.com","pbkdf2:sha256:600000$mXV1KPgvkokkGAXF$6697189212c1b4df2cbd442087a63a60ea56bf509912273beb1d8df7d408cc32","Timothy","Martinez","2923","True","08211 Andrea Loop
Howardland, SC 91342"
"39","christopherbooker@hotmail.com","pbkdf2:sha256:600000$RRpkXh4UxLhUWZnc$6b7db0dbbf472c5c6ade6b285c65005391f51fb6b13e3b192a9210fbf5c512c6","Daniel","Sellers","9688","True","1947 Green Circle
Torreschester, PW 82132"
"40","ggriffin@hotmail.com","pbkdf2:sha256:600000$22JKjDhbJrTNvNhF$96a401d5dcfec21a7b8a555880715cd85140cfd105483012b1485fac70e0aa2f","Susan","Clark","2342","True","Unit 8072 Box 6282
DPO AA 27915"
"41","tjohnson@yahoo.com","pbkdf2:sha256:600000$rNODRW70VR12tl44$a6c3d1fa93a0185e4979e1916647aade966a732a9d3c1ef932bd2016651a0ad5","Chelsea","Baldwin","6572","True","82788 Jennifer Ports
Smithburgh, LA 66569"
"42","stevenmason@hotmail.com","pbkdf2:sha256:600000$Xv5ZG0P2OIpv7Qcb$01ccb27018bcc59dbef66bfde3c33900c4c4b30ab69c9d31b86f73dfc19e8cc3","Julie","Wheeler","2911","True","52278 Antonio Fall Suite 568
Danahaven, FL 91809"
"43","sydney37@hotmail.com","pbkdf2:sha256:600000$1kodKH1APC1etJtV$20945690910cf4e552d08cca3520dcea7aca85bb41cdb692fd7bc31c8d1a4c13","Beth","Walker","4346","True","42876 Stephen Oval Apt. 310
Alanhaven, UT 90206"
"44","lisa25@hotmail.com","pbkdf2:sha256:600000$JtMRJgf67KyLXNPv$f95d9b06dfab3e89f123a612f980c877220d1a2640b653a241bbc3617c52e1b1","Elizabeth","Myers","4976","True","933 Nicole Causeway
North Monicaton, DE 05286"
"45","angelahernandez@yahoo.com","pbkdf2:sha256:600000$MUzSaEjoGWz3iwz1$681c437b472bfeb5c52ebc3cee3a601060b89a2139e13f99974afdf0a7f94603","Taylor","Snyder","677","True","94607 Tyler Mission Suite 657
West Amychester, MI 87803"
"46","jeffrey05@hotmail.com","pbkdf2:sha256:600000$Lzbt3gLfBi5WBJcb$c5964f515495ef8766a8c659929e17017c9fce7f324bd8b3fc9cd6d7402deb48","Scott","Pham","1698","True","USS Diaz
FPO AP 61767"
"47","james10@hotmail.com","pbkdf2:sha256:600000$UDeTtNtPf1LxhXqQ$07486d2a85ae76245ab3487e9caf19dbd6aad2b99feb6cd4283c3e33177aa7e3","Casey","Jimenez","3466","True","Unit 8091 Box 3120
DPO AA 50240"
"48","joshuahobbs@yahoo.com","pbkdf2:sha256:600000$cVNgqFlotmPMVZlK$fcd6f10759cf669a5e49773d2b116c284e8c877fba7b8381a73541e06b3b395f","Justin","Thompson","2974","True","74228 Moore Prairie Suite 674
Suttonview, NM 18247"
"49","janetmejia@hotmail.com","pbkdf2:sha256:600000$KPYjETs7m6eN4LYK$fed663a8e50889d4112889a30fd1e46a2bab3834c6385d1a914315edd82a6bfa","Patrick","Livingston","9683","True","9995 Terry Knoll Suite 171
Ambershire, IN 45831"
"50","vhenderson@hotmail.com","pbkdf2:sha256:600000$hsj17lmYLJf6eCha$ee20df4e1cfaed7a43721b71da966e1c7df34ebf69860c1d7a24b199c4741afd","Amanda","Brown","9815","True","7916 Dylan Isle Suite 632
East Angelastad, NV 48776"
"51","eblackwell@gmail.com","pbkdf2:sha256:600000$buqPhBLPRqZNptcr$369a77cf2c024bbfc3cb4c2b9f6dba717a5be44f56ed094ed26d8907c273020a","Ruth","Owen","7111","True","04987 Hudson Mews
New Melanie, MA 61707"
"52","ejohnson@gmail.com","pbkdf2:sha256:600000$1t10mxbFKgIzdFUW$00e559bf4e18dc2e0a15040b1e3f988100656eee1063acad0df4f0caccf2dc22","Scott","Gray","7971","True","415 Davis Avenue
Alexandertown, VI 63379"
"53","yolandawalton@gmail.com","pbkdf2:sha256:600000$X1tgEk2ZxgEoLhsI$a8da4756dc47fe0813c9326ac4b38d1d0862d079c1e93f2d6a493210d0e649ff","Michael","Johnson","1243","True","370 Alexander Way
Mckayfort, TX 07046"
"54","cholden@gmail.com","pbkdf2:sha256:600000$E1MucVMCTFLLg8M1$13dcede354bb537a06397012907f637adb1cc26d5ee8723288284d6f8d3cc1e6","Philip","Wall","4128","True","32864 Mccarthy Isle
Johnfort, AR 97980"
"55","hansonchristina@gmail.com","pbkdf2:sha256:600000$Ug1Ep7GupRew4RZ1$1896bb97c9a108df17e292f34e41b854e1390e86cb55e115f769acea167399c1","Andrew","Duke","8641","True","Unit 7898 Box 6089
DPO AE 34230"
"56","yharris@hotmail.com","pbkdf2:sha256:600000$ZvNUfH8aEHRgSsta$37504d7063bd7de39e35484e35dd4cba2b75a654def0d62fb35edba00473ac87","Lori","Reed","2742","True","0940 Young Mountain
North Chad, DC 93663"
"57","valvarez@hotmail.com","pbkdf2:sha256:600000$v787xCOEgEIN09fo$9dd253332b68be114bba8801924b79af01b9a8a00dac8fd16871abc806ba8f03","Jennifer","Herrera","9786","True","86730 Taylor Centers Apt. 403
New Williefort, NV 72991"
"58","kadams@hotmail.com","pbkdf2:sha256:600000$JNzSPgJF4cjcNT3U$9d17d6f5083fe6803f56f8dfcd78127a5379912712b4f1160b582cfd057a0de4","Sandra","Perez","8097","True","1571 Stewart Crossing
New Nicolasview, CT 80867"
"59","miguel29@hotmail.com","pbkdf2:sha256:600000$0xbiQMRsbdOEQjqT$d3df99b18a7b15386d85fb0925366a3a37976eb93e355a41f301b28e35aa802a","Michelle","Allen","815","True","420 Johnson Forges Apt. 778
East Thomasmouth, OR 23888"
"60","floreseric@yahoo.com","pbkdf2:sha256:600000$EKRSuSFc7mijyeIr$eb8b5b008e52926930d82966fa379e0813bc15d4365f48de0939796ee7052d2b","Maureen","King","6313","True","55911 Courtney Parkway
Brendaton, MD 60520"
"61","julie79@yahoo.com","pbkdf2:sha256:600000$uGaPskDhiaD7sQYO$1f406d3e898e66ebd7dc0f07696b8df0c3c3dd35d1f0b0ff49394ee7e82788fa","Deborah","Yates","3517","True","75080 Hatfield Forest
Hectormouth, GU 34781"
"62","walkerstephanie@yahoo.com","pbkdf2:sha256:600000$tp02ZWg7GT5U4cO6$22ed58ea734d26dbcde3c3d99cd08585311fa4139b1b24ac8984e681a9dcaae2","Stephanie","Miles","7925","True","185 Amy Fall Apt. 326
Lake Jeffreyburgh, CA 69775"
"63","kristine01@hotmail.com","pbkdf2:sha256:600000$dJRm6xuA5RFjAWRX$b836e8102ccc7470dcb65772951f797fdbc4e296e411fac187f7715fb0cf0a5e","Samantha","Stewart","9679","True","USNV Taylor
FPO AE 92568"
"64","daychristine@yahoo.com","pbkdf2:sha256:600000$9XSagIfvvx0upQXR$c27b4eb0b1db2eb4b050214c7a34d47bebb015da0bb13262b7d2fd90780c549c","Valerie","Graves","3778","True","127 Schmidt Shores
Tammyville, MN 00649"
"65","madeline83@yahoo.com","pbkdf2:sha256:600000$spMwLaIucqtsl3Gn$1f171394290c76e31df2ab82c86065595f48f3282c70bc73315691314e566322","Theresa","Calderon","3","True","7603 Leah Brooks
Wrightfort, MA 45329"
"66","garzanathan@hotmail.com","pbkdf2:sha256:600000$bqSPLQBMd7qMkZpu$85cbd1699c9c965585569f5436e9b2290788f08cd4b5e1e807cabe2fc1da14fa","Connor","Torres","5488","True","8218 Friedman Ramp
Meganville, MA 62746"
"67","aaronreed@hotmail.com","pbkdf2:sha256:600000$s0CalKTqj8riJ4WS$0da8fc60d3d23f3f9849b0098dd6f21c6bef56fe3b54c8691d8622b36a1a45fe","David","Miller","522","True","162 Christina Shore Apt. 786
Port Christine, GU 48831"
"68","wmcdonald@yahoo.com","pbkdf2:sha256:600000$aogr8jzZiWK8InYj$d384acf21f4a2cfb666809ac9a21cdf13b15dc299e4f26d104261acc902034c8","Michael","Watts","8124","True","Unit 3765 Box 5885
DPO AE 19015"
"69","lscott@gmail.com","pbkdf2:sha256:600000$8e9qBw9EO32sFELo$97ac3be1a5e3bc50d75f6e3aaa13beebcc9bd0ae4453e4ff8dfb5655b266b1ce","Belinda","Koch","9089","True","030 Jane Plains Suite 330
Lake Stevenstad, IN 73712"
"70","marcusthomas@gmail.com","pbkdf2:sha256:600000$ZlC1H52pu4SMa3e2$92839f9877358dc823594514a4cbcd85ca7124db17782f5f415662cfa80dff31","Natalie","Murphy","9232","True","49079 Alexander Key Suite 370
Waltersshire, WV 53726"
"71","shaun63@hotmail.com","pbkdf2:sha256:600000$SmszSL6VqCKyCk98$78683663ba40cd5e37b5ea30b4b1db2f9e28ddccb26550731f8a05f2e5b4cd3f","Mark","Walsh","4614","True","6562 Raymond Pine Apt. 648
Port Kristyfort, WA 89986"
"72","suttonmaria@gmail.com","pbkdf2:sha256:600000$0tzq33XsoTvApEXz$9424704dd871d6aeb487456ec8fb6c8b051b62ce0ffa50a6f3574b1fb74a6b46","Julia","Palmer","3432","True","18190 Molly Brooks Suite 329
Ballardmouth, OH 39469"
"73","woodsjonathan@gmail.com","pbkdf2:sha256:600000$9aEAK7gT5s18fIhz$2595491d208673a78599129a380b47d7bc660ce52a5dc63cc58d2db0787f740c","Paul","Johnson","153","True","4143 Hoffman Village
Stevetown, KS 67592"
"74","howardwillie@yahoo.com","pbkdf2:sha256:600000$UA3BIC4JsyKYIR8O$7be18317817120211944627cd0eeed9c674039cd7a999f3f75438b11b75a06a5","Gregory","Smith","7362","True","88995 Ramirez Stream
South Nicholas, AR 14303"
"75","christopher40@yahoo.com","pbkdf2:sha256:600000$7b36Y79z3mmLaIES$c66abd6aaa1819d6ee261cd5a83bbf22572b4ee89773ae8d8fede953f567cfb2","Michael","Martinez","5679","True","43027 Melissa Islands
Port Cameron, NH 38187"
"76","rcardenas@hotmail.com","pbkdf2:sha256:600000$c8G1yxwMdibbCHR2$96db0d57b3f520e4f808390c9568fea8dafb76b78e5a72092284125fbc620bf5","Jeremiah","Anthony","2350","True","3051 Julie Union
Franciscotown, ID 03613"
"77","lambangela@yahoo.com","pbkdf2:sha256:600000$ANvKqMW5LfHvOzTU$6053e3d0af9950929b00348e9ba77127bc46323b9cdc2dc2d6eaaf9ff1445999","Steven","Santos","236","True","USNV Smith
FPO AE 96679"
"78","baileycynthia@hotmail.com","pbkdf2:sha256:600000$El4hwSBgTukr3Hzm$5252e9f2e35da89b07dd4eaa49f4b6d54e322fc3fa66aef909410de08741181b","Brian","Glass","1157","True","4231 Erickson Ford
Mendozashire, AR 71601"
"79","garzajohn@yahoo.com","pbkdf2:sha256:600000$N8ET9qqaHs9yfM8Q$94c3b3c8dfc32eb37fff50d31941b2770f6a6d60e0276e6de087e14159a8eb07","Jason","Young","520","True","277 Philip Springs Apt. 325
Rochaside, KS 36675"
"80","jacksoncarlos@hotmail.com","pbkdf2:sha256:600000$EoXqncxk36ZsNDRU$e53f9ba6c2c5d933942f6254fff0e8caf2d1db94fe02f890a3f635b8e6241f56","Linda","White","9280","True","10424 Phillip Vista Apt. 952
Browningshire, AR 11714"
"81","sdunn@hotmail.com","pbkdf2:sha256:600000$bZs01U3HFEpshE1b$681f2e923a45b4eef9deaebd9e640152ade41d9fc1241c7b15714f5cb2714239","Seth","Robinson","7417","True","520 Krause Crest Apt. 705
Karenfurt, WI 76462"
"82","victorcummings@hotmail.com","pbkdf2:sha256:600000$KR8oV2wdQhGdGZeK$4d269e8b291a683555292055f96241fba5abd57ef896bbb327bde930cd160427","Daniel","Martinez","5268","True","8908 Crystal Path
East Tami, NH 77728"
"83","jaygross@yahoo.com","pbkdf2:sha256:600000$OUZ0la0llDLvDStM$3494b9ef8c95629d7444db558a7195734e4361b8515ba67570029bd4f5566526","Michael","Heath","4166","True","940 Jacob Ramp Suite 654
Bethanyborough, OK 41053"
"84","melissa57@yahoo.com","pbkdf2:sha256:600000$9H3CfC22uldxHDzF$409107885d6f7de9ae38c90897df8302eb2b0a7920eb792d3b1d9714a0efcfd4","Theresa","Weaver","9958","True","USCGC Davis
FPO AE 72652"
"85","lorrainecameron@yahoo.com","pbkdf2:sha256:600000$vCG7ZKmKx09N9mF4$686d65730cb3598ad9d9156edde4b66cbb2c41131568c62c0a8917167a52046b","Mrs.","Sims","1642","True","3695 Fisher Flats
West Stephanieshire, TN 98611"
"86","shernandez@gmail.com","pbkdf2:sha256:600000$f4gCnLTaksfxeTxx$6ecd5cdddd23d8145135422bb29fb83e3667a341c0339782e71f5107fd9e4e9b","Ann","MD","9485","True","875 Gonzalez Mall
North Brian, IL 91934"
"87","denise12@yahoo.com","pbkdf2:sha256:600000$leRUTI6bnaI4wPD6$7ae5a06b5305d3b4d69f43ebe9cca635edd6d7f8fdda8a8da6ef3c7d2e2c8a10","Robert","Phillips","4920","True","Unit 5505 Box 3614
DPO AA 82648"
"88","margaretgeorge@yahoo.com","pbkdf2:sha256:600000$11RtWMvmaMtOzjGz$82a7360099f03f95fca0dabe248ef93a720d9a39424d3ba0df5d34be1835064a","Danielle","Glass","8780","True","0675 Macdonald Mount Suite 184
Andersonmouth, FL 74566"
"89","janetjuarez@gmail.com","pbkdf2:sha256:600000$BePMRsiBZvmoqSJS$bd8daa558c1f82e400faf30f742bdfc5a42a0abce68a4501113a4afd940fc0da","Aaron","Fleming","2125","True","736 Tammy Views Apt. 901
Port Veronicaborough, SD 87269"
"90","jamie39@yahoo.com","pbkdf2:sha256:600000$5eRYbe6LOc2f2vaC$868b23d31e8b3234db0456cc6e968f44029d6494aa956779f18dc4ecafaf55d7","William","Boyle","5202","True","PSC 0485, Box 4865
APO AA 14100"
"91","julia76@gmail.com","pbkdf2:sha256:600000$mSVdLKzYHrwj4dC2$d078598ad5218e71545bd61c1d3320285281fa47bd319d3d98ea24b72e2ec6bc","Molly","Guerra","3256","True","20324 Shelly Spur Apt. 769
Paulstad, NJ 44229"
"92","stevenking@hotmail.com","pbkdf2:sha256:600000$Lgb5NJgqbHrLWr9Z$5874fadd5d64883ea4d870d13ad0abb5157ba39f57a6eb05f55375a129770160","Jacqueline","Wallace","9636","True","099 Paul Manors
South Greggland, UT 62097"
"93","malexander@yahoo.com","pbkdf2:sha256:600000$o8D6utnqQJ4OJ3W2$4c49aa8796acded78553c3a254140b55aa2cfae6ac453c5c20bb2cf02bc91289","Michael","Wilson","7584","True","98660 Martin Camp
North Hannahshire, NC 59098"
"94","thomas28@hotmail.com","pbkdf2:sha256:600000$7llgWB4DXZYzJGCs$baff1f656ae1df0b15220fecbd7c7a03e4dcfa4648836e9615a28348b01c1542","Dana","Hudson","7513","True","Unit 6766 Box 2105
DPO AE 95055"
"95","diana82@hotmail.com","pbkdf2:sha256:600000$rwytow1sGaluW1aM$dcabf6b9f84cc2845ce8a6647b90b00434b624990f420c1330e0d229b41f74c0","Kimberly","DDS","9814","True","05853 Villanueva Manors Apt. 571
Lake Gina, UT 91236"
"96","cummingsrebecca@yahoo.com","pbkdf2:sha256:600000$VdusqOppIx2jP5D0$5d8b356e70e250952ba94e7a228a28a1362e58c850e7b8394103687855bc491c","Lisa","Wright","4179","True","231 Meadows Ramp
Curryside, CO 75719"
"97","harmstrong@gmail.com","pbkdf2:sha256:600000$ZSX4G7RFqeEEIHsR$aeb2bc5dabdc929b14bb73eb23ace571928a0f38c7c719127a5355f96dde3591","Kimberly","Flores","1715","True","6537 Henderson Manor Apt. 935
Mccormickbury, DE 06894"
"98","ballen@gmail.com","pbkdf2:sha256:600000$bpUYYiAxFps6GWZK$e222b1e3e3f4384a59f97121c10c84e57c77ee71efc3ce896874a9d190fe5d56","Jack","Lewis","9960","True","Unit 7070 Box 9906
DPO AA 35252"
"99","ganderson@gmail.com","pbkdf2:sha256:600000$OvHn42HriQuu8ShT$1c036c04b509b81345c0097beed00e12d7ea289003f8306d5be40b33031e3582","Christopher","Lee","9173","True","17212 Pace Mount
Crossland, WA 98636"
